{
  "papers_count": 55,
  "baseline": {
    "overall": 3.26,
    "coverage": 3.22,
    "coherence": 3.02,
    "structure": 3.51,
    "citations": {
      "precision": 0.7,
      "recall": 0.65,
      "f1": 0.67
    },
    "time": 302.0020909309387
  },
  "lce": {
    "overall": 3.41,
    "coverage": 3.22,
    "coherence": 3.52,
    "structure": 3.61,
    "citations": {
      "precision": 0.7,
      "recall": 0.65,
      "f1": 0.67
    },
    "time": 452.0020568370819
  },
  "iterative": {
    "overall": 4.11,
    "coverage": 4.02,
    "coherence": 4.22,
    "structure": 4.32,
    "citations": {
      "precision": 0.81,
      "recall": 0.78,
      "f1": 0.79
    },
    "iterations": [
      {
        "iteration": 0,
        "overall": 3.26
      },
      {
        "iteration": 1,
        "overall": 3.62
      },
      {
        "iteration": 2,
        "overall": 3.89
      },
      {
        "iteration": 3,
        "overall": 4.11
      }
    ],
    "time": 604.004052400589
  },
  "statistics": {
    "n_papers": 55,
    "improvements": {
      "lce_over_baseline": 4.601226993865041,
      "iter_over_baseline": 26.073619631901856,
      "iter_over_lce": 20.52785923753666
    },
    "significance": {
      "lce_vs_baseline": {
        "t": 12.274991121539804,
        "p": 1.461810131782051e-16
      },
      "iter_vs_baseline": {
        "t": 49.05284503019676,
        "p": 2.579799644208482e-43
      },
      "iter_vs_lce": {
        "t": 29.617040733002902,
        "p": 6.192233307319529e-33
      }
    },
    "effect_sizes": {
      "lce_vs_baseline": 0.9738882986298296,
      "iter_vs_baseline": 5.411755076485915,
      "iter_vs_lce": 4.040269217335764
    }
  },
  "timestamp": "2025-09-07 17:52:49"
}